game_ID,win,home,timeouts_used,timeouts_available,fouls_committed,fouls_against,points_scored,points_allowed
21800002,1,1,0,4,10,5,25,21
21800002,0,0,3,4,5,10,21,25
21800003,0,1,2,3,4,8,29,20
21800003,1,0,3,4,8,4,20,29
21800004,1,1,3,4,5,3,20,24
21800004,0,0,2,3,3,5,24,20
21800010,1,1,1,4,6,8,31,25
21800010,0,0,4,4,8,6,25,31
21800011,0,1,2,3,7,5,30,30
21800011,1,0,1,4,5,7,30,30
21800012,0,1,3,3,12,5,26,33
21800012,1,0,1,4,5,12,33,26
21800015,1,1,4,4,6,5,23,28
21800015,0,0,4,4,5,6,28,23
21800018,1,1,3,4,7,8,33,29
21800018,0,0,3,3,8,7,29,33
21800021,1,1,2,4,4,7,27,28
21800021,0,0,3,3,7,4,28,27
21800024,0,1,2,3,5,4,20,27
21800024,1,0,4,4,4,5,27,20
21800027,0,1,2,3,10,9,31,27
21800027,1,0,3,4,9,10,27,31
21800028,0,1,3,3,8,7,31,26
21800028,1,0,3,4,7,8,26,31
21800029,1,1,1,3,7,8,27,29
21800029,0,0,3,4,8,7,29,27
21800030,0,1,2,3,8,12,30,21
21800030,1,0,3,3,12,8,21,30
21800031,0,1,2,4,2,8,32,33
21800031,1,0,2,4,8,2,33,32
21800032,1,1,3,4,4,11,43,37
21800032,0,0,4,4,11,4,37,43
21800035,0,1,2,3,8,7,18,26
21800035,1,0,2,4,7,8,26,18
21800038,1,1,3,3,6,8,20,28
21800038,0,0,3,4,8,6,28,20
21800039,1,1,3,4,4,1,22,28
21800039,0,0,3,4,1,4,28,22
21800040,0,1,3,4,6,6,20,18
21800040,1,0,2,4,6,6,18,20
21800050,1,1,1,4,7,4,25,25
21800050,0,0,3,4,4,7,25,25
21800052,1,1,3,3,5,11,31,17
21800052,0,0,2,2,11,5,17,31
21800056,1,1,2,4,6,7,24,28
21800056,0,0,4,4,7,6,28,24
21800061,1,1,2,4,3,9,26,21
21800061,0,0,3,3,9,3,21,26
21800065,0,1,2,2,13,6,22,27
21800065,1,0,3,4,6,13,27,22
21800066,1,1,2,3,3,7,34,25
21800066,0,0,4,4,7,3,25,34
21800072,1,1,4,4,5,10,29,24
21800072,0,0,4,4,10,5,24,29
21800073,1,1,3,4,4,8,37,27
21800073,0,0,4,4,8,4,27,37
21800078,1,1,3,4,6,6,22,18
21800078,0,0,3,3,6,6,18,22
21800082,1,1,2,4,6,6,23,18
21800082,0,0,4,4,6,6,18,23
21800083,0,1,2,2,6,4,37,27
21800083,1,0,2,4,4,6,27,37
21800087,0,1,3,4,7,6,24,32
21800087,1,0,1,4,6,7,32,24
21800093,1,1,1,2,3,6,31,26
21800093,0,0,4,4,6,3,26,31
21800095,1,1,2,3,4,8,32,35
21800095,0,0,4,4,8,4,35,32
21800099,1,1,3,4,2,10,27,34
21800099,0,0,3,3,10,2,34,27
21800105,0,1,3,3,5,2,20,30
21800105,1,0,4,4,2,5,30,20
21800107,1,1,3,3,13,7,27,29
21800107,0,0,4,4,7,13,29,27
21800111,0,1,2,2,9,4,30,38
21800111,1,0,1,3,4,9,38,30
21800115,1,1,3,4,8,5,24,35
21800115,0,0,3,3,5,8,35,24
21800118,0,1,3,4,13,5,25,28
21800118,1,0,1,3,5,13,28,25
21800120,0,1,3,3,5,1,25,20
21800120,1,0,2,4,1,5,20,25
21800122,0,1,1,4,7,8,22,27
21800122,1,0,2,3,8,7,27,22
21800127,1,1,3,4,6,4,30,29
21800127,0,0,4,4,4,6,29,30
21800128,1,1,2,3,3,6,21,25
21800128,0,0,3,4,6,3,25,21
21800129,0,1,2,3,6,10,25,21
21800129,1,0,1,4,10,6,21,25
21800132,0,1,3,4,5,10,37,26
21800132,1,0,2,3,10,5,26,37
21800136,1,1,2,3,4,6,25,19
21800136,0,0,3,4,6,4,19,25
21800137,0,1,1,4,6,8,36,26
21800137,1,0,2,4,8,6,26,36
21800141,0,1,3,3,7,6,19,29
21800141,1,0,2,4,6,7,29,19
21800142,1,1,3,4,4,6,32,21
21800142,0,0,3,4,6,4,21,32
21800144,1,1,1,2,9,7,22,30
21800144,0,0,4,4,7,9,30,22
21800145,1,1,2,3,3,7,27,26
21800145,0,0,2,4,7,3,26,27
21800153,0,1,2,4,8,4,22,24
21800153,1,0,1,3,4,8,24,22
21800154,0,1,2,4,4,5,16,25
21800154,1,0,1,3,5,4,25,16
21800155,0,1,2,3,10,9,34,25
21800155,1,0,3,4,9,10,25,34
21800156,1,1,1,3,4,5,20,24
21800156,0,0,1,4,5,4,24,20
21800158,1,1,3,3,3,6,19,17
21800158,0,0,3,4,6,3,17,19
21800162,1,1,3,4,3,8,28,22
21800162,0,0,3,4,8,3,22,28
21800167,1,1,1,4,5,6,28,34
21800167,0,0,2,4,6,5,34,28
21800170,0,1,4,4,4,4,22,26
21800170,1,0,4,4,4,4,26,22
21800171,0,1,4,4,9,12,34,30
21800171,1,0,3,4,12,9,30,34
21800172,1,1,1,4,7,7,30,35
21800172,0,0,3,4,7,7,35,30
21800178,1,1,0,3,6,5,20,21
21800178,0,0,3,4,5,6,21,20
21800180,1,1,2,3,1,10,24,18
21800180,0,0,2,4,10,1,18,24
21800187,0,1,3,4,6,4,26,22
21800187,1,0,3,4,4,6,22,26
21800188,1,1,1,4,6,2,17,24
21800188,0,0,3,4,2,6,24,17
21800189,1,1,2,4,5,7,23,31
21800189,0,0,3,3,7,5,31,23
21800190,1,1,2,3,4,11,34,26
21800190,0,0,3,4,11,4,26,34
21800193,0,1,2,2,10,7,23,25
21800193,1,0,2,4,7,10,25,23
21800197,1,1,1,4,6,3,27,23
21800197,0,0,2,3,3,6,23,27
21800201,1,1,2,4,7,6,28,27
21800201,0,0,1,2,6,7,27,28
21800202,1,1,3,4,6,10,35,19
21800202,0,0,4,4,10,6,19,35
21800206,0,1,3,4,4,8,16,29
21800206,1,0,3,3,8,4,29,16
21800207,0,1,3,3,7,8,33,32
21800207,1,0,4,4,8,7,32,33
21800208,1,1,2,4,6,9,22,19
21800208,0,0,3,4,9,6,19,22
21800215,1,1,4,4,7,9,25,27
21800215,0,0,3,3,9,7,27,25
21800217,1,1,3,4,6,4,27,24
21800217,0,0,3,3,4,6,24,27
21800218,1,1,3,4,2,8,27,23
21800218,0,0,3,4,8,2,23,27
21800220,1,1,2,4,6,4,25,26
21800220,0,0,2,4,4,6,26,25
21800222,1,1,1,3,9,8,41,28
21800222,0,0,3,4,8,9,28,41
21800224,0,1,3,4,8,7,22,37
21800224,1,0,1,4,7,8,37,22
21800232,1,1,1,2,4,7,30,23
21800232,0,0,3,4,7,4,23,30
21800239,1,1,4,4,8,6,33,25
21800239,0,0,3,4,6,8,25,33
21800242,1,1,4,4,5,8,27,28
21800242,0,0,4,4,8,5,28,27
21800243,0,1,2,4,10,3,23,38
21800243,1,0,2,4,3,10,38,23
21800244,1,1,1,3,5,6,24,14
21800244,0,0,2,3,6,5,14,24
21800245,1,1,1,4,6,5,26,21
21800245,0,0,2,2,5,6,21,26
21800247,1,1,2,4,5,5,33,28
21800247,0,0,4,4,5,5,28,33
21800248,0,1,3,4,1,4,16,20
21800248,1,0,2,4,4,1,20,16
21800249,1,1,1,3,5,10,39,23
21800249,0,0,4,4,10,5,23,39
21800251,0,1,2,4,4,9,29,29
21800251,1,0,2,4,9,4,29,29
21800253,1,1,2,4,9,5,25,33
21800253,0,0,3,3,5,9,33,25
21800256,0,1,4,4,9,4,24,28
21800256,1,0,3,4,4,9,28,24
21800257,1,1,2,3,3,7,30,23
21800257,0,0,3,4,7,3,23,30
21800258,1,1,3,4,8,8,33,41
21800258,0,0,2,3,8,8,41,33
21800260,0,1,3,3,4,6,27,18
21800260,1,0,3,4,6,4,18,27
21800261,1,1,1,2,5,13,34,32
21800261,0,0,4,4,13,5,32,34
21800262,1,1,1,4,7,8,26,23
21800262,0,0,3,4,8,7,23,26
21800263,0,1,3,4,5,12,27,35
21800263,1,0,1,4,12,5,35,27
21800265,0,1,2,3,5,7,30,23
21800265,1,0,2,4,7,5,23,30
21800269,1,1,3,4,5,11,27,19
21800269,0,0,3,4,11,5,19,27
21800273,0,1,2,2,5,6,27,25
21800273,1,0,2,4,6,5,25,27
21800274,1,1,2,3,2,7,20,24
21800274,0,0,4,4,7,2,24,20
21800275,0,1,3,4,6,7,24,25
21800275,1,0,4,4,7,6,25,24
21800278,1,1,2,3,6,5,26,20
21800278,0,0,3,4,5,6,20,26
21800284,1,1,1,4,1,10,40,27
21800284,0,0,3,3,10,1,27,40
21800285,1,1,3,4,5,5,22,23
21800285,0,0,3,4,5,5,23,22
21800286,0,1,3,3,4,8,33,22
21800286,1,0,2,4,8,4,22,33
21800288,1,1,3,3,4,4,24,26
21800288,0,0,2,4,4,4,26,24
21800289,0,1,3,3,7,5,23,38
21800289,1,0,4,4,5,7,38,23
21800291,0,1,3,3,9,6,27,25
21800291,1,0,3,3,6,9,25,27
21800293,0,1,4,4,7,3,26,21
21800293,1,0,3,4,3,7,21,26
21800294,1,1,1,3,6,8,17,27
21800294,0,0,4,4,8,6,27,17
21800295,0,1,4,4,12,6,24,27
21800295,1,0,4,4,6,12,27,24
21800297,0,1,1,4,5,4,24,28
21800297,1,0,1,4,4,5,28,24
21800300,1,1,1,3,6,6,37,27
21800300,0,0,4,4,6,6,27,37
21800302,0,1,2,3,8,5,27,15
21800302,1,0,3,4,5,8,15,27
21800303,0,1,2,2,8,2,17,29
21800303,1,0,2,4,2,8,29,17
21800305,0,1,4,4,5,4,27,28
21800305,1,0,1,4,4,5,28,27
21800308,0,1,4,4,7,7,13,31
21800308,1,0,1,4,7,7,31,13
21800310,1,1,1,3,6,9,24,24
21800310,0,0,3,4,9,6,24,24
21800314,1,1,1,4,7,9,20,28
21800314,0,0,3,4,9,7,28,20
21800324,1,1,2,4,10,7,25,26
21800324,0,0,2,3,7,10,26,25
21800329,0,1,3,3,6,6,27,22
21800329,1,0,3,4,6,6,22,27
21800335,0,1,2,3,7,8,32,34
21800335,1,0,1,4,8,7,34,32
21800336,1,1,2,4,2,7,22,19
21800336,0,0,4,4,7,2,19,22
21800339,1,1,2,3,9,5,22,23
21800339,0,0,4,4,5,9,23,22
21800340,1,1,2,4,5,11,25,27
21800340,0,0,4,4,11,5,27,25
21800341,1,1,1,4,6,8,26,30
21800341,0,0,4,4,8,6,30,26
21800345,0,1,3,4,5,4,21,19
21800345,1,0,4,4,4,5,19,21
21800347,0,1,3,4,9,5,25,20
21800347,1,0,4,4,5,9,20,25
21800349,0,1,4,4,8,7,29,28
21800349,1,0,3,3,7,8,28,29
21800350,1,1,1,4,4,7,26,23
21800350,0,0,4,4,7,4,23,26
21800358,0,1,4,4,8,5,19,39
21800358,1,0,3,3,5,8,39,19
21800364,1,1,1,3,6,9,43,31
21800364,0,0,3,3,9,6,31,43
21800369,0,1,3,4,10,6,21,28
21800369,1,0,3,4,6,10,28,21
21800373,1,1,3,3,3,8,27,21
21800373,0,0,4,4,8,3,21,27
21800374,0,1,4,4,8,7,19,22
21800374,1,0,2,4,7,8,22,19
21800378,1,1,2,4,5,5,23,20
21800378,0,0,2,3,5,5,20,23
21800385,1,1,1,4,2,6,32,25
21800385,0,0,3,3,6,2,25,32
21800387,0,1,2,4,6,5,24,25
21800387,1,0,2,4,5,6,25,24
21800388,0,1,2,4,6,4,25,25
21800388,1,0,4,4,4,6,25,25
21800391,1,1,2,4,8,5,22,26
21800391,0,0,1,2,5,8,26,22
21800398,1,1,1,3,3,7,21,16
21800398,0,0,3,3,7,3,16,21
21800401,1,1,2,4,2,6,24,22
21800401,0,0,4,4,6,2,22,24
21800402,1,1,1,3,9,7,30,26
21800402,0,0,2,4,7,9,26,30
21800405,1,1,3,3,5,7,26,14
21800405,0,0,4,4,7,5,14,26
21800406,1,1,4,4,5,7,27,20
21800406,0,0,2,3,7,5,20,27
21800411,1,1,2,3,9,8,29,30
21800411,0,0,4,4,8,9,30,29
21800418,1,1,3,4,4,7,20,20
21800418,0,0,3,3,7,4,20,20
21800425,0,1,4,4,8,7,24,29
21800425,1,0,3,4,7,8,29,24
21800427,1,1,3,4,5,5,37,33
21800427,0,0,4,4,5,5,33,37
21800428,0,1,2,3,9,6,28,27
21800428,1,0,2,3,6,9,27,28
21800429,1,1,2,4,9,8,41,30
21800429,0,0,3,3,8,9,30,41
21800432,0,1,3,4,7,5,32,26
21800432,1,0,1,4,5,7,26,32
21800433,0,1,3,3,5,4,15,24
21800433,1,0,3,4,4,5,24,15
21800441,0,1,3,3,7,10,23,17
21800441,1,0,2,3,10,7,17,23
21800442,1,1,1,3,7,5,27,14
21800442,0,0,3,3,5,7,14,27
21800443,0,1,2,2,6,4,27,26
21800443,1,0,2,4,4,6,26,27
21800445,1,1,1,3,6,4,19,24
21800445,0,0,2,4,4,6,24,19
21800450,0,1,4,4,9,13,39,31
21800450,1,0,2,4,13,9,31,39
21800451,0,1,2,4,3,7,23,25
21800451,1,0,3,3,7,3,25,23
21800453,1,1,3,4,1,5,25,27
21800454,1,1,2,4,5,5,21,23
21800454,0,0,3,3,5,5,23,21
21800458,0,1,2,3,5,6,23,25
21800458,1,0,3,4,6,5,25,23
21800459,0,0,3,4,6,4,11,24
21800460,0,1,3,3,5,4,22,25
21800460,1,0,3,4,4,5,25,22
21800462,1,1,1,3,6,6,33,25
21800462,0,0,3,4,6,6,25,33
21800464,1,1,2,4,3,5,24,23
21800464,0,0,3,4,5,3,23,24
21800467,1,1,2,4,7,10,19,23
21800467,0,0,4,4,10,7,23,19
21800468,1,1,1,3,5,14,36,39
21800468,0,0,3,3,14,5,39,36
21800471,0,1,2,3,10,11,26,30
21800471,1,0,2,4,11,10,30,26
21800472,0,1,3,3,8,7,18,27
21800472,1,0,1,4,7,8,27,18
21800474,1,1,2,4,5,6,17,17
21800474,0,0,3,4,6,5,17,17
21800477,1,1,1,4,5,8,37,25
21800477,0,0,3,3,8,5,25,37
21800478,1,1,3,4,7,6,18,16
21800478,0,0,3,4,6,7,16,18
21800482,1,1,2,4,8,8,22,29
21800482,0,0,2,3,8,8,29,22
21800483,1,1,2,4,4,5,24,32
21800483,0,0,1,4,5,4,32,24
21800484,1,1,2,4,8,3,26,29
21800484,0,0,4,4,3,8,29,26
21800485,0,1,3,4,4,6,25,14
21800485,1,0,3,3,6,4,14,25
21800486,0,1,3,3,9,9,29,19
21800486,1,0,2,4,9,9,19,29
21800492,1,1,1,3,3,12,36,21
21800492,0,0,4,4,12,3,21,36
21800493,0,1,3,3,10,6,32,28
21800493,1,0,4,4,6,10,28,32
21800494,1,1,2,4,8,3,26,33
21800494,0,0,3,4,3,8,33,26
21800496,0,1,2,3,5,3,24,35
21800496,1,0,2,3,3,5,35,24
21800498,1,1,1,3,7,5,27,21
21800498,0,0,4,4,5,7,21,27
21800504,0,1,3,3,9,5,33,34
21800504,1,0,2,4,5,9,34,33
21800506,0,1,3,3,6,4,25,25
21800506,1,0,2,4,4,6,25,25
21800509,1,1,1,3,5,7,32,25
21800509,0,0,3,4,7,5,25,32
21800511,1,1,3,4,6,8,25,33
21800511,0,0,1,3,8,6,33,25
21800514,1,1,3,4,5,5,33,21
21800514,0,0,3,4,5,5,21,33
21800520,0,1,2,4,9,5,20,27
21800520,1,0,2,3,5,9,27,20
21800523,1,1,4,4,5,5,29,23
21800523,0,0,3,4,5,5,23,29
21800524,1,1,2,2,7,7,24,24
21800524,0,0,2,4,7,7,24,24
21800528,0,1,4,4,8,6,28,31
21800528,1,0,1,2,6,8,31,28
21800529,1,1,4,4,8,7,27,34
21800529,0,0,4,4,7,8,34,27
21800530,1,1,3,4,7,9,36,34
21800530,0,0,3,3,9,7,34,36
21800531,0,1,2,2,7,8,16,33
21800531,1,0,2,4,8,7,33,16
21800533,0,1,4,4,9,7,40,32
21800533,1,0,2,3,7,9,32,40
21800536,1,1,3,4,7,4,24,24
21800536,0,0,4,4,4,7,24,24
21800538,1,1,2,4,5,8,27,24
21800538,0,0,2,2,8,5,24,27
21800539,1,1,4,4,9,8,21,30
21800539,0,0,2,4,8,9,30,21
21800541,1,1,2,3,4,6,29,18
21800541,0,0,2,4,6,4,18,29
21800546,1,1,2,4,7,9,35,25
21800546,0,0,3,3,9,7,25,35
21800549,1,1,2,4,6,12,27,31
21800549,0,0,4,4,12,6,31,27
21800551,1,1,2,3,5,5,33,24
21800551,0,0,3,3,5,5,24,33
21800553,0,1,3,3,8,11,25,18
21800553,1,0,3,4,11,8,18,25
21800557,1,1,2,4,9,8,21,34
21800557,0,0,3,3,8,9,34,21
21800564,0,1,2,4,6,5,29,33
21800564,1,0,2,3,5,6,33,29
21800568,1,1,1,4,3,7,20,23
21800568,0,0,4,4,7,3,23,20
21800574,0,1,3,3,12,4,20,33
21800574,1,0,1,2,4,12,33,20
21800575,0,1,3,4,3,10,22,18
21800575,1,0,2,4,10,3,18,22
21800577,0,1,3,3,6,5,27,34
21800577,1,0,3,4,5,6,34,27
21800583,0,1,3,3,7,4,20,31
21800583,1,0,1,2,4,7,31,20
21800590,0,1,3,3,6,5,32,34
21800590,1,0,3,4,5,6,34,32
21800596,0,1,4,4,6,9,17,21
21800596,1,0,2,4,9,6,21,17
21800599,0,1,3,3,7,6,36,31
21800599,1,0,3,4,6,7,31,36
21800601,0,1,3,4,5,4,23,27
21800601,1,0,2,3,4,5,27,23
21800602,1,1,2,4,5,2,24,24
21800602,0,0,4,4,2,5,24,24
21800603,0,1,3,3,6,7,24,23
21800603,1,0,3,4,7,6,23,24
21800604,1,1,4,4,8,4,29,25
21800604,0,0,3,4,4,8,25,29
21800610,0,1,3,3,7,7,26,24
21800610,1,0,2,4,7,7,24,26
21800621,0,1,3,4,5,8,33,34
21800621,1,0,3,3,8,5,34,33
21800622,1,1,1,4,4,3,28,24
21800622,0,0,2,4,3,4,24,28
21800626,0,1,4,4,3,4,37,34
21800626,1,0,3,3,4,3,34,37
21800630,0,1,4,4,4,7,24,19
21800630,1,0,2,4,7,4,19,24
21800631,1,1,1,4,5,9,21,25
21800631,0,0,2,2,9,5,25,21
21800632,1,1,1,3,9,4,33,26
21800632,0,0,4,4,4,9,26,33
21800633,1,1,2,3,4,5,23,17
21800633,0,0,3,4,5,4,17,23
21800636,1,1,2,4,8,3,22,21
21800636,0,0,2,4,3,8,21,22
21800638,0,1,3,3,8,6,23,25
21800638,1,0,3,4,6,8,25,23
21800641,1,1,1,4,8,4,30,21
21800641,0,0,3,4,4,8,21,30
21800642,0,1,2,2,5,7,26,27
21800642,1,0,4,4,7,5,27,26
21800643,1,1,3,4,6,7,23,25
21800643,0,0,3,3,7,6,25,23
21800644,0,1,4,4,11,10,30,26
21800644,1,0,3,4,10,11,26,30
21800648,1,1,3,4,7,10,25,20
21800648,0,0,4,4,10,7,20,25
21800649,1,1,3,4,8,8,32,32
21800649,0,0,2,4,8,8,32,32
21800650,0,1,3,3,7,7,29,27
21800650,1,0,3,4,7,7,27,29
21800661,0,1,3,3,5,4,21,30
21800661,1,0,1,3,4,5,30,21
21800663,1,1,1,3,5,7,37,31
21800663,0,0,3,3,7,5,31,37
21800665,1,1,3,3,2,5,24,11
21800665,0,0,3,3,5,2,11,24
21800668,1,1,2,4,8,8,34,31
21800668,0,0,2,3,8,8,31,34
21800672,1,1,3,4,4,6,33,24
21800672,0,0,3,4,6,4,24,33
21800673,1,0,3,4,4,7,31,20
21800674,0,1,4,4,8,8,23,28
21800674,1,0,1,4,8,8,28,23
21800678,1,0,4,4,9,7,29,36
21800680,0,1,3,4,5,5,19,29
21800680,1,0,3,3,5,5,29,19
21800683,0,1,2,3,6,7,16,30
21800683,1,0,1,4,7,6,30,16
21800689,1,1,2,3,7,6,25,36
21800689,0,0,3,3,6,7,36,25
21800694,1,1,2,4,8,7,24,22
21800694,0,0,2,2,7,8,22,24
21800698,1,1,2,4,7,5,20,31
21800698,0,0,1,2,5,7,31,20
21800704,1,1,2,4,4,5,28,25
21800704,0,0,4,4,5,4,25,28
21800706,1,1,3,4,5,9,26,31
21800706,0,0,4,4,9,5,31,26
21800708,1,1,4,4,5,7,25,24
21800708,0,0,2,3,7,5,24,25
21800710,0,1,3,3,7,9,32,26
21800710,1,0,3,4,9,7,26,32
21800711,1,1,2,3,2,5,26,24
21800711,0,0,3,3,5,2,24,26
21800714,0,1,4,4,5,5,24,19
21800714,1,0,1,4,5,5,19,24
21800715,1,1,1,4,7,11,26,28
21800715,0,0,4,4,11,7,28,26
21800717,1,1,1,4,3,5,24,34
21800717,0,0,3,3,5,3,34,24
21800720,0,1,1,2,4,3,22,20
21800720,1,0,3,4,3,4,20,22
21800722,0,1,3,3,7,8,24,20
21800722,1,0,2,4,8,7,20,24
21800723,0,1,2,2,7,5,19,26
21800723,1,0,3,4,5,7,26,19
21800725,0,1,3,3,8,7,25,22
21800725,1,0,2,3,7,8,22,25
21800726,1,1,3,4,7,7,18,16
21800726,0,0,1,3,7,7,16,18
21800727,1,1,3,4,3,4,32,12
21800727,0,0,3,4,4,3,12,32
21800729,1,1,1,4,4,5,16,33
21800729,0,0,4,4,5,4,33,16
21800732,0,1,3,4,9,4,27,25
21800732,1,0,2,4,4,9,25,27
21800735,0,1,4,4,4,3,22,25
21800735,1,0,2,3,3,4,25,22
21800737,1,1,2,4,3,5,29,16
21800737,0,0,3,4,5,3,16,29
21800738,1,1,2,3,6,10,29,33
21800738,0,0,2,3,10,6,33,29
21800739,0,1,4,4,9,5,32,38
21800739,1,0,1,4,5,9,38,32
21800741,0,1,3,3,6,6,27,25
21800741,1,0,2,4,6,6,25,27
21800747,0,1,4,4,7,7,15,35
21800747,1,0,2,2,7,7,35,15
21800748,0,1,3,4,7,10,35,29
21800748,1,0,2,3,10,7,29,35
21800752,1,1,2,4,7,11,39,38
21800752,0,0,3,4,11,7,38,39
21800754,1,1,3,4,2,6,30,33
21800754,0,0,2,2,6,2,33,30
21800761,0,1,3,3,5,6,24,19
21800761,1,0,2,4,6,5,19,24
21800764,1,1,2,4,8,6,30,19
21800764,0,0,3,4,6,8,19,30
21800765,1,1,0,4,4,8,38,27
21800765,0,0,4,4,8,4,27,38
21800767,1,1,2,4,5,9,32,25
21800767,0,0,3,3,9,5,25,32
21800768,0,1,1,2,7,4,18,18
21800768,1,0,2,4,4,7,18,18
21800770,1,1,3,4,7,8,30,19
21800770,0,0,3,3,8,7,19,30
21800783,0,1,4,4,2,2,18,18
21800783,1,0,3,4,2,2,18,18
21800784,0,1,2,3,6,5,24,32
21800784,1,0,1,3,5,6,32,24
21800785,1,1,3,4,4,7,29,29
21800785,0,0,3,3,7,4,29,29
21800788,1,1,2,4,11,10,35,36
21800788,0,0,3,4,10,11,36,35
21800791,0,1,1,1,4,7,40,38
21800791,1,0,2,4,7,4,38,40
21800793,0,1,3,3,7,10,33,26
21800793,1,0,4,4,10,7,26,33
21800796,0,1,4,4,5,5,23,33
21800796,1,0,2,3,5,5,33,23
21800797,0,1,2,3,3,5,17,18
21800797,1,0,0,4,5,3,18,17
21800801,1,1,2,3,1,7,23,23
21800801,0,0,4,4,7,1,23,23
21800802,1,1,2,4,10,11,34,30
21800802,0,0,3,3,11,10,30,34
21800803,0,1,2,3,9,4,29,24
21800803,1,0,2,4,4,9,24,29
21800804,1,1,4,4,9,8,27,43
21800804,0,0,2,2,8,9,43,27
21800807,1,1,1,4,3,6,25,22
21800807,0,0,3,3,6,3,22,25
21800814,0,1,3,4,5,7,35,30
21800814,1,0,3,3,7,5,30,35
21800818,1,1,2,4,4,8,34,28
21800818,0,0,3,3,8,4,28,34
21800823,1,1,4,4,5,6,32,29
21800823,0,0,3,3,6,5,29,32
21800824,1,1,1,4,2,9,27,13
21800824,0,0,4,4,9,2,13,27
21800828,0,1,4,4,8,7,30,30
21800828,1,0,1,4,7,8,30,30
21800832,0,1,3,4,10,6,22,27
21800832,1,0,3,4,6,10,27,22
21800834,1,1,1,2,9,5,24,9
21800834,0,0,1,4,5,9,9,24
21800838,1,1,3,4,7,8,30,36
21800838,0,0,4,4,8,7,36,30
21800839,1,1,2,4,5,4,18,25
21800839,0,0,3,3,4,5,25,18
21800842,1,1,2,4,7,4,35,33
21800842,0,0,2,3,4,7,33,35
21800848,1,1,3,4,7,7,17,18
21800848,0,0,3,3,7,7,18,17
21800849,0,1,3,4,8,8,35,35
21800849,1,0,4,4,8,8,35,35
21800850,0,1,1,3,3,1,21,14
21800850,1,0,3,4,1,3,14,21
21800852,1,1,0,4,4,8,34,24
21800852,0,0,3,4,8,4,24,34
21800854,0,1,3,4,9,3,18,30
21800854,1,0,2,4,3,9,30,18
21800860,1,1,3,3,7,6,27,27
21800860,0,0,3,4,6,7,27,27
21800861,1,1,1,4,2,3,34,27
21800861,0,0,3,4,3,2,27,34
21800866,1,1,1,3,4,8,30,33
21800866,0,0,3,4,8,4,33,30
21800868,1,1,2,4,3,9,33,27
21800868,0,0,3,3,9,3,27,33
21800870,1,1,2,3,2,5,26,29
21800870,0,0,3,4,5,2,29,26
21800871,1,1,1,3,9,9,36,32
21800871,0,0,4,4,9,9,32,36
21800872,1,1,1,3,5,13,28,16
21800872,0,0,3,4,13,5,16,28
21800875,0,1,3,3,4,6,27,21
21800875,1,0,3,3,6,4,21,27
21800876,1,1,4,4,5,6,32,26
21800876,0,0,3,3,6,5,26,32
21800877,0,1,3,4,6,5,27,25
21800877,1,0,3,3,5,6,25,27
21800879,0,1,4,4,10,5,20,29
21800879,1,0,3,4,5,10,29,20
21800883,1,1,3,4,10,16,34,25
21800883,0,0,3,4,16,10,25,34
21800884,0,1,3,3,5,4,31,27
21800884,1,0,3,4,4,5,27,31
21800885,1,1,1,3,7,7,30,23
21800885,0,0,4,4,7,7,23,30
21800890,0,1,2,4,10,7,33,25
21800890,1,0,2,3,7,10,25,33
21800901,0,1,4,4,6,5,34,40
21800901,1,0,2,2,5,6,40,34
21800903,1,1,1,3,4,4,24,26
21800903,0,0,2,4,4,4,26,24
21800904,1,1,4,4,6,11,23,24
21800904,0,0,2,2,11,6,24,23
21800905,1,1,3,4,9,6,19,25
21800905,0,0,1,2,6,9,25,19
21800906,0,1,3,3,6,5,27,18
21800906,1,0,3,4,5,6,18,27
21800908,1,1,2,3,4,8,30,13
21800908,0,0,3,4,8,4,13,30
21800911,0,1,1,4,6,3,19,28
21800911,1,0,3,4,3,6,28,19
21800915,1,1,4,4,7,5,26,33
21800915,0,0,3,4,5,7,33,26
21800916,0,1,4,4,8,7,33,34
21800916,1,0,2,4,7,8,34,33
21800918,1,1,1,4,7,8,31,23
21800918,0,0,3,4,8,7,23,31
21800919,1,1,1,4,8,7,28,22
21800919,0,0,3,3,7,8,22,28
21800921,1,1,2,4,5,7,30,28
21800921,0,0,4,4,7,5,28,30
21800922,1,1,2,4,4,9,31,25
21800922,0,0,4,4,9,4,25,31
21800923,1,1,2,4,1,6,33,16
21800923,0,0,4,4,6,1,16,33
21800924,0,1,4,4,13,7,21,40
21800924,1,0,3,4,7,13,40,21
21800925,1,1,1,3,4,7,35,20
21800925,0,0,3,4,7,4,20,35
21800926,0,1,3,3,7,8,34,30
21800926,1,0,3,4,8,7,30,34
21800927,0,1,3,4,5,8,24,24
21800927,1,0,4,4,8,5,24,24
21800930,1,1,2,4,9,8,26,33
21800930,0,0,3,4,8,9,33,26
21800933,0,1,2,3,5,6,27,29
21800933,1,0,3,4,6,5,29,27
21800936,0,1,4,4,5,4,25,34
21800936,1,0,1,2,4,5,34,25
21800938,0,1,3,4,9,6,27,27
21800938,1,0,2,3,6,9,27,27
21800941,0,1,2,3,4,8,19,24
21800941,1,0,2,4,8,4,24,19
21800942,1,1,3,4,7,8,23,31
21800942,0,0,3,4,8,7,31,23
21800943,1,1,3,4,5,6,42,33
21800943,0,0,2,2,6,5,33,42
21800946,0,1,3,4,7,5,27,27
21800946,1,0,3,4,5,7,27,27
21800951,1,1,1,2,8,9,32,20
21800951,0,0,4,4,9,8,20,32
21800953,1,1,3,4,8,7,29,28
21800953,0,0,1,4,7,8,28,29
21800954,1,1,1,4,3,5,19,34
21800954,0,0,3,3,5,3,34,19
21800955,1,1,4,4,9,11,38,23
21800955,0,0,3,4,11,9,23,38
21800956,0,1,4,4,6,8,24,33
21800956,1,0,3,3,8,6,33,24
21800959,1,1,2,4,7,6,28,21
21800959,0,0,4,4,6,7,21,28
21800960,1,1,3,4,3,6,20,24
21800960,0,0,4,4,6,3,24,20
21800962,1,1,1,3,6,9,38,25
21800962,0,0,3,4,9,6,25,38
21800967,1,1,3,4,5,6,33,27
21800967,0,0,2,2,6,5,27,33
21800968,0,1,2,4,3,8,27,31
21800968,1,0,1,4,8,3,31,27
21800970,1,1,3,4,9,7,26,21
21800970,0,0,4,4,7,9,21,26
21800973,0,1,2,4,7,8,32,29
21800973,1,0,4,4,8,7,29,32
21800977,1,1,3,4,4,3,30,28
21800977,0,0,4,4,3,4,28,30
21800980,0,1,3,3,7,6,24,43
21800980,1,0,1,3,6,7,43,24
21800985,1,1,3,4,4,12,30,26
21800985,0,0,2,3,12,4,26,30
21800986,0,1,1,1,6,6,26,22
21800986,1,0,1,4,6,6,22,26
21800987,0,1,2,4,13,9,35,31
21800987,1,0,3,4,9,13,31,35
21800996,1,1,2,4,11,11,30,25
21800996,0,0,2,3,11,11,25,30
21800997,0,1,2,3,4,1,21,13
21800997,1,0,1,4,1,4,13,21
21801000,0,1,3,4,8,5,31,36
21801000,1,0,3,4,5,8,36,31
21801002,1,1,2,4,7,8,31,34
21801002,0,0,2,2,8,7,34,31
21801008,1,1,2,3,4,7,25,22
21801008,0,0,3,4,7,4,22,25
21801011,0,1,3,3,6,11,31,28
21801011,1,0,4,4,11,6,28,31
21801015,1,1,2,4,2,3,24,16
21801015,0,0,3,3,3,2,16,24
21801018,0,1,3,4,5,7,26,21
21801018,1,0,3,3,7,5,21,26
21801020,1,1,3,4,4,4,27,18
21801020,0,0,2,3,4,4,18,27
21801025,1,1,1,3,3,5,21,10
21801025,0,0,2,3,5,3,10,21
21801027,1,1,1,3,7,3,24,25
21801027,0,0,2,4,3,7,25,24
21801028,0,1,2,3,2,6,32,21
21801028,1,0,3,4,6,2,21,32
21801030,1,1,1,4,6,7,25,17
21801030,0,0,4,4,7,6,17,25
21801035,1,1,2,4,6,10,30,25
21801035,0,0,2,3,10,6,25,30
21801039,1,1,2,3,3,10,36,27
21801039,0,0,3,4,10,3,27,36
21801040,1,1,3,4,12,7,23,25
21801040,0,0,4,4,7,12,25,23
21801042,1,1,3,3,8,4,30,27
21801042,0,0,3,4,4,8,27,30
21801043,0,1,4,4,8,10,43,41
21801043,1,0,4,4,10,8,41,43
21801044,1,1,2,3,5,8,32,23
21801044,0,0,3,4,8,5,23,32
21801046,1,1,2,4,5,9,26,23
21801046,0,0,1,4,9,5,23,26
21801049,1,1,4,4,6,5,32,29
21801049,0,0,2,3,5,6,29,32
21801050,1,1,1,3,5,8,39,31
21801050,0,0,3,4,8,5,31,39
21801054,0,1,3,4,5,4,32,30
21801054,1,0,0,2,4,5,30,32
21801055,1,1,0,3,4,5,29,27
21801055,0,0,3,4,5,4,27,29
21801058,1,1,3,4,9,7,18,26
21801058,0,0,3,4,7,9,26,18
21801059,0,1,4,4,7,8,25,33
21801059,1,0,3,4,8,7,33,25
21801063,0,1,4,4,8,7,18,45
21801063,1,0,2,2,7,8,45,18
21801064,1,1,3,4,8,7,26,34
21801064,0,0,4,4,7,8,34,26
21801065,1,1,3,4,5,5,26,21
21801065,0,0,4,4,5,5,21,26
21801067,1,1,1,3,4,5,33,25
21801067,0,0,4,4,5,4,25,33
21801071,0,1,2,2,3,5,27,20
21801071,1,0,3,4,5,3,20,27
21801075,0,1,3,3,6,6,23,28
21801075,1,0,2,4,6,6,28,23
21801076,1,1,3,3,5,8,31,23
21801076,0,0,4,4,8,5,23,31
21801081,0,1,3,3,8,2,25,18
21801081,1,0,4,4,2,8,18,25
21801083,0,1,4,4,8,6,29,33
21801083,1,0,1,3,6,8,33,29
21801084,1,1,2,4,4,8,30,24
21801084,0,0,1,4,8,4,24,30
21801086,0,1,2,2,8,7,33,33
21801086,1,0,3,4,7,8,33,33
21801087,1,1,2,4,2,9,35,19
21801087,0,0,3,3,9,2,19,35
21801088,1,1,2,4,8,6,29,27
21801089,0,1,2,3,8,6,29,35
21801089,1,0,3,4,6,8,35,29
21801093,1,1,1,4,3,5,28,20
21801093,0,0,3,4,5,3,20,28
21801094,1,1,3,4,5,6,33,28
21801094,0,0,3,3,6,5,28,33
21801098,0,1,1,3,4,6,31,20
21801098,1,0,4,4,6,4,20,31
21801102,1,1,2,3,6,10,24,29
21801102,0,0,3,3,10,6,29,24
21801109,0,1,4,4,9,7,29,28
21801109,1,0,1,4,7,9,28,29
21801114,0,1,3,4,8,7,32,38
21801114,1,0,2,4,7,8,38,32
21801115,1,1,2,3,5,7,14,30
21801115,0,0,4,4,7,5,30,14
21801119,1,1,1,3,4,6,31,30
21801119,0,0,3,3,6,4,30,31
21801120,0,1,3,3,10,5,31,35
21801120,1,0,3,4,5,10,35,31
21801124,1,1,0,3,6,6,30,17
21801124,0,0,4,4,6,6,17,30
21801128,1,1,3,4,5,4,28,30
21801128,0,0,1,4,4,5,30,28
21801129,1,1,2,4,4,5,32,29
21801129,0,0,3,3,5,4,29,32
21801130,1,1,3,3,2,6,25,21
21801130,0,0,4,4,6,2,21,25
21801134,1,1,3,4,9,10,36,34
21801134,0,0,2,2,10,9,34,36
21801140,0,1,3,4,7,6,24,31
21801140,1,0,2,4,6,7,31,24
21801143,0,1,2,4,8,6,28,26
21801143,1,0,2,4,6,8,26,28
21801144,0,1,1,1,10,4,23,32
21801144,1,0,1,4,4,10,32,23
21801146,0,1,4,4,8,6,28,26
21801146,1,0,2,3,6,8,26,28
21801148,0,1,4,4,6,8,18,20
21801148,1,0,3,4,8,6,20,18
21801149,0,1,3,4,5,4,19,24
21801149,1,0,2,4,4,5,24,19
21801152,1,1,4,4,8,9,24,22
21801152,0,0,4,4,9,8,22,24
21801153,1,1,1,4,3,4,22,28
21801153,0,0,3,3,4,3,28,22
21801154,0,1,3,3,6,4,32,40
21801154,1,0,2,3,4,6,40,32
21801162,1,1,2,4,3,4,31,21
21801162,0,0,3,4,4,3,21,31
21801167,0,1,4,4,5,5,27,32
21801167,1,0,3,4,5,5,32,27
21801168,1,1,1,2,10,9,32,28
21801168,0,0,2,3,9,10,28,32
21801170,0,1,4,4,7,3,21,29
21801170,1,0,1,4,3,7,29,21
21801171,0,1,4,4,8,5,31,32
21801171,1,0,2,4,5,8,32,31
21801172,0,1,3,3,3,7,29,21
21801172,1,0,2,4,7,3,21,29
21801177,0,1,4,4,9,3,36,46
21801177,1,0,1,4,3,9,46,36
21801180,1,1,4,4,3,5,23,25
21801180,0,0,4,4,5,3,25,23
21801185,1,1,1,4,5,5,21,18
21801185,0,0,3,4,5,5,18,21
21801190,1,1,1,3,4,6,35,23
21801190,0,0,4,4,6,4,23,35
21801191,1,1,1,4,4,4,21,30
21801191,0,0,3,4,4,4,30,21
21801192,0,1,2,4,3,9,31,38
21801192,1,0,1,2,9,3,38,31
21801193,0,1,2,3,6,7,32,25
21801193,1,0,2,4,7,6,25,32
21801197,0,1,3,4,9,8,29,37
21801197,1,0,1,3,8,9,37,29
21801203,0,1,2,3,7,7,30,33
21801203,1,0,1,4,7,7,33,30
21801204,1,1,2,2,1,6,34,21
21801204,0,0,4,4,6,1,21,34
21801206,1,1,2,4,5,8,29,27
21801206,0,0,4,4,8,5,27,29
21801207,0,1,2,2,5,5,27,31
21801207,1,0,3,4,5,5,31,27
21801208,1,1,2,3,8,7,32,26
21801208,0,0,3,4,7,8,26,32
21801210,1,1,3,4,5,8,36,14
21801210,0,0,3,4,8,5,14,36
21801211,0,1,3,4,7,2,15,27
21801211,1,0,2,4,2,7,27,15
21801218,1,1,3,4,6,4,32,18
21801218,0,0,3,4,4,6,18,32
21801219,0,1,1,3,6,6,27,31
21801219,1,0,2,4,6,6,31,27
21801220,1,1,4,4,3,5,31,26
21801220,0,0,4,4,5,3,26,31
21801228,1,1,2,4,3,8,26,16
21801228,0,0,4,4,8,3,16,26
21801230,1,1,3,4,4,3,38,18
21801230,0,0,3,4,3,4,18,38